542.993586142088361157220788300037384033203125000,-14003.321267872133830678649246692657470703125000000,205018.678156243520788848400115966796875000000000000,-1893890.112926893867552280426025390625000000000000000,11458678.372204151004552841186523437500000000000000000,-44334051.729788146913051605224609375000000000000000000,90589535.215400636196136474609375000000000000000000000,52018895.019307069480419158935546875000000000000000000,-1022555644.550771951675415039062500000000000000000000000,3580662014.315762996673583984375000000000000000000000000,-7100328636.493659973144531250000000000000000000000000000,8674715236.399703979492187500000000000000000000000000000,-6283770112.625887870788574218750000000000000000000000000,2978176483.279859542846679687500000000000000000000000000,-2742687125.284750938415527343750000000000000000000000000,2541052929.251854896545410156250000000000000000000000000,1709991235.274199008941650390625000000000000000000000000,-3842148471.927342891693115234375000000000000000000000000,-2085271612.671308517456054687500000000000000000000000000,6881639446.579699516296386718750000000000000000000000000,-1162545842.228721857070922851562500000000000000000000000,-7231288585.965981483459472656250000000000000000000000000,7871662363.054620742797851562500000000000000000000000000,-3459969025.244508743286132812500000000000000000000000000,584634706.554666757583618164062500000000000000000000000
-14257.202636295731281279586255550384521484375000000,495276.362679075857158750295639038085937500000000000,-8124863.801348194479942321777343750000000000000000000,79104006.046668708324432373046875000000000000000000000,-486768750.876983463764190673828125000000000000000000000,1835148636.371584415435791015625000000000000000000000000,-3105652299.819081306457519531250000000000000000000000000,-7159194819.129779815673828125000000000000000000000000000,63348741479.485519409179687500000000000000000000000000000,-205174863902.591247558593750000000000000000000000000000000,397396772360.204284667968750000000000000000000000000000000,-483694229002.134460449218750000000000000000000000000000000,357448312636.979736328125000000000000000000000000000000000,-182842546090.537933349609375000000000000000000000000000000,167781545040.906585693359375000000000000000000000000000000,-141436067759.108184814453125000000000000000000000000000000,-108493100338.951477050781250000000000000000000000000000000,227474686997.204193115234375000000000000000000000000000000,111968272308.632766723632812500000000000000000000000000000,-391062278819.080139160156250000000000000000000000000000000,81572752690.660339355468750000000000000000000000000000000,385242666201.191040039062500000000000000000000000000000000,-427762812969.756469726562500000000000000000000000000000000,189123399739.088836669921875000000000000000000000000000000,-32046247600.912639617919921875000000000000000000000000000
217124.231641289166873320937156677246093750000000000,-8452198.131770102307200431823730468750000000000000000,146775142.152172118425369262695312500000000000000000000,-1463464062.039607286453247070312500000000000000000000000,8942758397.625534057617187500000000000000000000000000000,-31498472656.949085235595703125000000000000000000000000000,31888920624.644615173339843750000000000000000000000000000,280337606023.868896484375000000000000000000000000000000000,-1726855951088.817871093750000000000000000000000000000000000,5216981309763.633789062500000000000000000000000000000000000,-9854610726636.855468750000000000000000000000000000000000000,11917264281620.656250000000000000000000000000000000000000000,-8951352417124.539062500000000000000000000000000000000000000,4893000789801.333984375000000000000000000000000000000000000,-4499360878860.898437500000000000000000000000000000000000000,3483581018822.275878906250000000000000000000000000000000000,2996989882453.123046875000000000000000000000000000000000000,-5919997794197.110351562500000000000000000000000000000000000,-2665466105740.487304687500000000000000000000000000000000000,9804633161730.802734375000000000000000000000000000000000000,-2399202328433.539062500000000000000000000000000000000000000,-9053740630165.542968750000000000000000000000000000000000000,10253343177333.304687500000000000000000000000000000000000000,-4557705783344.025390625000000000000000000000000000000000000,774153206139.281616210937500000000000000000000000000000000
-2147985.555471813306212425231933593750000000000000000,88257553.607878297567367553710937500000000000000000000,-1572317200.321973800659179687500000000000000000000000000,15683421391.691984176635742187500000000000000000000000000,-92331528017.438980102539062500000000000000000000000000000,278495644336.280395507812500000000000000000000000000000000,150243135381.425628662109375000000000000000000000000000000,-5573986244376.910156250000000000000000000000000000000000000,27616259667806.121093750000000000000000000000000000000000000,-78431893925790.281250000000000000000000000000000000000000000,144349144864873.093750000000000000000000000000000000000000000,-172995893214991.625000000000000000000000000000000000000000000,131578194192083.046875000000000000000000000000000000000000000,-76203954984023.171875000000000000000000000000000000000000000,70544324860652.390625000000000000000000000000000000000000000,-50670760738742.820312500000000000000000000000000000000000000,-48083290889761.843750000000000000000000000000000000000000000,90252910486355.312500000000000000000000000000000000000000000,37585013008293.203125000000000000000000000000000000000000000,-144615333944451.625000000000000000000000000000000000000000000,40026452215676.554687500000000000000000000000000000000000000,125320669858827.906250000000000000000000000000000000000000000,-144665722388357.593750000000000000000000000000000000000000000,64613728935724.554687500000000000000000000000000000000000000,-10996467663434.730468750000000000000000000000000000000000000
14582878.803765218704938888549804687500000000000000000,-613317740.532099127769470214843750000000000000000000000,10948959506.598785400390625000000000000000000000000000000,-106350554389.104782104492187500000000000000000000000000000,571289211112.844238281250000000000000000000000000000000000,-1097451938798.522216796875000000000000000000000000000000000,-7088462582640.306640625000000000000000000000000000000000000,67960702210507.539062500000000000000000000000000000000000000,-290728937213519.187500000000000000000000000000000000000000000,781691995497356.750000000000000000000000000000000000000000000,-1400994122522608.250000000000000000000000000000000000000000000,1659960401417621.500000000000000000000000000000000000000000000,-1273523583942193.000000000000000000000000000000000000000000000,775638033183846.375000000000000000000000000000000000000000000,-725728141271463.750000000000000000000000000000000000000000000,488805004716888.250000000000000000000000000000000000000000000,502777089447495.500000000000000000000000000000000000000000000,-903644675274436.125000000000000000000000000000000000000000000,-353083384876297.562500000000000000000000000000000000000000000,1407762257193422.250000000000000000000000000000000000000000000,-428238086557669.000000000000000000000000000000000000000000000,-1148275807214807.000000000000000000000000000000000000000000000,1349253975584148.500000000000000000000000000000000000000000000,-605034924134236.875000000000000000000000000000000000000000000,103112842927187.281250000000000000000000000000000000000000000
-69533040.240040630102157592773437500000000000000000000,2923996244.401131629943847656250000000000000000000000000,-50930911764.380645751953125000000000000000000000000000000,459840817840.540649414062500000000000000000000000000000000,-1937128797869.283447265625000000000000000000000000000000000,-2542483229804.719238281250000000000000000000000000000000000,84602830439900.515625000000000000000000000000000000000000000,-555291937534302.437500000000000000000000000000000000000000000,2137100460601541.250000000000000000000000000000000000000000000,-5473675679770042.000000000000000000000000000000000000000000000,9551499913157792.000000000000000000000000000000000000000000000,-11162573303038334.000000000000000000000000000000000000000000000,8603801257292700.000000000000000000000000000000000000000000000,-5474265317296890.000000000000000000000000000000000000000000000,5196089354730153.000000000000000000000000000000000000000000000,-3319663029976554.000000000000000000000000000000000000000000000,-3631762342647882.500000000000000000000000000000000000000000000,6293225398661578.000000000000000000000000000000000000000000000,2351090687467506.000000000000000000000000000000000000000000000,-9588158891663288.000000000000000000000000000000000000000000000,3126340164442568.000000000000000000000000000000000000000000000,7402795927375991.000000000000000000000000000000000000000000000,-8831266313789209.000000000000000000000000000000000000000000000,3971479680566488.500000000000000000000000000000000000000000000,-677301100081706.250000000000000000000000000000000000000000000
231761087.263916462659835815429687500000000000000000000,-9467948440.293704986572265625000000000000000000000000000,153280579359.692016601562500000000000000000000000000000000,-1128992220775.243164062500000000000000000000000000000000000,856624651303.086669921875000000000000000000000000000000000,58442740495366.820312500000000000000000000000000000000000000,-588134711991847.750000000000000000000000000000000000000000000,3184298369161098.000000000000000000000000000000000000000000000,-11315878440010070.000000000000000000000000000000000000000000000,27755462952481680.000000000000000000000000000000000000000000000,-47153269939874040.000000000000000000000000000000000000000000000,54228064346809736.000000000000000000000000000000000000000000000,-41812740168659416.000000000000000000000000000000000000000000000,27628470228221524.000000000000000000000000000000000000000000000,-26705048635082780.000000000000000000000000000000000000000000000,16389026484730368.000000000000000000000000000000000000000000000,18657283898824204.000000000000000000000000000000000000000000000,-31365206711169732.000000000000000000000000000000000000000000000,-11496977742597710.000000000000000000000000000000000000000000000,47088776808931360.000000000000000000000000000000000000000000000,-16053760803759834.000000000000000000000000000000000000000000000,-34743745485312752.000000000000000000000000000000000000000000000,41891805822550392.000000000000000000000000000000000000000000000,-18862830116835284.000000000000000000000000000000000000000000000,3216089844208271.000000000000000000000000000000000000000000000
-514215080.459686100482940673828125000000000000000000000,19185688649.197700500488281250000000000000000000000000000,-246078610929.981323242187500000000000000000000000000000000,389200101621.537536621093750000000000000000000000000000000,25829864839441.226562500000000000000000000000000000000000000,-367370016670887.500000000000000000000000000000000000000000000,2718537866497720.000000000000000000000000000000000000000000000,-13082073168869564.000000000000000000000000000000000000000000000,43676094547277360.000000000000000000000000000000000000000000000,-103039691116117120.000000000000000000000000000000000000000000000,170415003650147360.000000000000000000000000000000000000000000000,-192384640855107104.000000000000000000000000000000000000000000000,147700959773143264.000000000000000000000000000000000000000000000,-100819617623502224.000000000000000000000000000000000000000000000,99664368552037808.000000000000000000000000000000000000000000000,-59616395367772584.000000000000000000000000000000000000000000000,-68658231565696992.000000000000000000000000000000000000000000000,112638417012687888.000000000000000000000000000000000000000000000,42080721416292968.000000000000000000000000000000000000000000000,-168468752500976288.000000000000000000000000000000000000000000000,58303693873530624.000000000000000000000000000000000000000000000,120717239878773632.000000000000000000000000000000000000000000000,-145984582582447008.000000000000000000000000000000000000000000000,65657210157452552.000000000000000000000000000000000000000000000,-11176885018421228.000000000000000000000000000000000000000000000
627884062.833651065826416015625000000000000000000000000,-15723708656.709854125976562500000000000000000000000000000,-82923814779.378173828125000000000000000000000000000000000,7921143191132.081054687500000000000000000000000000000000000,-139302757850834.250000000000000000000000000000000000000000000,1357099192437819.750000000000000000000000000000000000000000000,-8650170751458718.000000000000000000000000000000000000000000000,38409059687670272.000000000000000000000000000000000000000000000,-121893260232939008.000000000000000000000000000000000000000000000,277517840978317664.000000000000000000000000000000000000000000000,-446684410805029440.000000000000000000000000000000000000000000000,493654113825209088.000000000000000000000000000000000000000000000,-375428365142367232.000000000000000000000000000000000000000000000,263539923176109440.000000000000000000000000000000000000000000000,-267861693287030304.000000000000000000000000000000000000000000000,159054153697513248.000000000000000000000000000000000000000000000,177491081265536448.000000000000000000000000000000000000000000000,-285851081341272544.000000000000000000000000000000000000000000000,-115939140432790112.000000000000000000000000000000000000000000000,434204777305977792.000000000000000000000000000000000000000000000,-145678632354479904.000000000000000000000000000000000000000000000,-310885470552314816.000000000000000000000000000000000000000000000,371983246135094208.000000000000000000000000000000000000000000000,-166436225543950272.000000000000000000000000000000000000000000000,28228638332718872.000000000000000000000000000000000000000000000
56314614.737566195428371429443359375000000000000000000,-30305113833.396293640136718750000000000000000000000000000,1417011570824.547851562500000000000000000000000000000000000,-30242223323769.273437500000000000000000000000000000000000000,382212175680913.937500000000000000000000000000000000000000000,-3187951217415696.000000000000000000000000000000000000000000000,18553581876469624.000000000000000000000000000000000000000000000,-77576421752819744.000000000000000000000000000000000000000000000,235761322377648384.000000000000000000000000000000000000000000000,-519032022884427264.000000000000000000000000000000000000000000000,812325231081837568.000000000000000000000000000000000000000000000,-876140409273824512.000000000000000000000000000000000000000000000,656684243816926848.000000000000000000000000000000000000000000000,-472893053914796672.000000000000000000000000000000000000000000000,497559232331759936.000000000000000000000000000000000000000000000,-301336875166980288.000000000000000000000000000000000000000000000,-298209617466676416.000000000000000000000000000000000000000000000,474857043459133824.000000000000000000000000000000000000000000000,238134085054950048.000000000000000000000000000000000000000000000,-767100792990175872.000000000000000000000000000000000000000000000,223838578609647040.000000000000000000000000000000000000000000000,581569848426171904.000000000000000000000000000000000000000000000,-670355655936191488.000000000000000000000000000000000000000000000,296014510457239872.000000000000000000000000000000000000000000000,-49818239555327144.000000000000000000000000000000000000000000000
-1476625524.549877405166625976562500000000000000000000000,103212420361.334686279296875000000000000000000000000000000,-3061827783794.687011718750000000000000000000000000000000000,51989005276897.320312500000000000000000000000000000000000000,-571266026913606.625000000000000000000000000000000000000000000,4333968127895854.000000000000000000000000000000000000000000000,-23550564646558064.000000000000000000000000000000000000000000000,93453205720824432.000000000000000000000000000000000000000000000,-272411959484292864.000000000000000000000000000000000000000000000,579197095335447040.000000000000000000000000000000000000000000000,-879325935817037568.000000000000000000000000000000000000000000000,923529309779544832.000000000000000000000000000000000000000000000,-682986367183926912.000000000000000000000000000000000000000000000,508824207353439104.000000000000000000000000000000000000000000000,-557796306630797952.000000000000000000000000000000000000000000000,365177935930048960.000000000000000000000000000000000000000000000,228059784365240416.000000000000000000000000000000000000000000000,-365388041230596096.000000000000000000000000000000000000000000000,-351671029554989504.000000000000000000000000000000000000000000000,777074772477486464.000000000000000000000000000000000000000000000,-100747363028359440.000000000000000000000000000000000000000000000,-738214103398825344.000000000000000000000000000000000000000000000,765034512095312768.000000000000000000000000000000000000000000000,-325839665843928256.000000000000000000000000000000000000000000000,53768788674099912.000000000000000000000000000000000000000000000
1396905860.707263946533203125000000000000000000000000000,-71623676811.665847778320312500000000000000000000000000000,1619319103340.040283203125000000000000000000000000000000000,-21544680913629.781250000000000000000000000000000000000000000,189493008891333.968750000000000000000000000000000000000000000,-1170628292094453.250000000000000000000000000000000000000000000,5256663656276147.000000000000000000000000000000000000000000000,-17485107488130404.000000000000000000000000000000000000000000000,43469161138594824.000000000000000000000000000000000000000000000,-81115225890109920.000000000000000000000000000000000000000000000,114883944202217696.000000000000000000000000000000000000000000000,-129548338092183408.000000000000000000000000000000000000000000000,131673813801244672.000000000000000000000000000000000000000000000,-136584302121235360.000000000000000000000000000000000000000000000,141593923262689392.000000000000000000000000000000000000000000000,-163051272558991104.000000000000000000000000000000000000000000000,259637197970579392.000000000000000000000000000000000000000000000,-390988959220049280.000000000000000000000000000000000000000000000,334713839818922432.000000000000000000000000000000000000000000000,20138051655545748.000000000000000000000000000000000000000000000,-404667841359146816.000000000000000000000000000000000000000000000,483966347500024896.000000000000000000000000000000000000000000000,-292092504459746176.000000000000000000000000000000000000000000000,94145355044776864.000000000000000000000000000000000000000000000,-12943616683160838.000000000000000000000000000000000000000000000
2913469697.693051815032958984375000000000000000000000000,-200446049796.938781738281250000000000000000000000000000000,5839750484261.951171875000000000000000000000000000000000000,-97302239407069.343750000000000000000000000000000000000000000,1048832605373771.500000000000000000000000000000000000000000000,-7802642820979370.000000000000000000000000000000000000000000000,41537910760598968.000000000000000000000000000000000000000000000,-161140532748410752.000000000000000000000000000000000000000000000,457109302338412608.000000000000000000000000000000000000000000000,-936499606471393024.000000000000000000000000000000000000000000000,1339057383071878656.000000000000000000000000000000000000000000000,-1249195554791805952.000000000000000000000000000000000000000000000,707783026698209792.000000000000000000000000000000000000000000000,-421062612538110208.000000000000000000000000000000000000000000000,622928539443095680.000000000000000000000000000000000000000000000,-301212631344589120.000000000000000000000000000000000000000000000,-975294793964980480.000000000000000000000000000000000000000000000,1512960551049421568.000000000000000000000000000000000000000000000,-115118290786087360.000000000000000000000000000000000000000000000,-1399888017432064768.000000000000000000000000000000000000000000000,1050765394342597760.000000000000000000000000000000000000000000000,220346447077496416.000000000000000000000000000000000000000000000,-670976286656870400.000000000000000000000000000000000000000000000,346940860625633920.000000000000000000000000000000000000000000000,-62195625766405728.000000000000000000000000000000000000000000000
-8998092721.682289123535156250000000000000000000000000000,544743780843.869873046875000000000000000000000000000000000,-14403835977456.539062500000000000000000000000000000000000000,222257570466875.781250000000000000000000000000000000000000000,-2249638975953568.250000000000000000000000000000000000000000000,15870000472151188.000000000000000000000000000000000000000000000,-80667994867859696.000000000000000000000000000000000000000000000,300148773350091648.000000000000000000000000000000000000000000000,-818292017439037056.000000000000000000000000000000000000000000000,1608785449665083136.000000000000000000000000000000000000000000000,-2188096471052135424.000000000000000000000000000000000000000000000,1884390158096095232.000000000000000000000000000000000000000000000,-889634796912208768.000000000000000000000000000000000000000000000,470746431142849984.000000000000000000000000000000000000000000000,-963735463687210752.000000000000000000000000000000000000000000000,636353104146987776.000000000000000000000000000000000000000000000,1199176739624306944.000000000000000000000000000000000000000000000,-1900401326737754368.000000000000000000000000000000000000000000000,-178197018787939520.000000000000000000000000000000000000000000000,2102120739414676736.000000000000000000000000000000000000000000000,-1144882760698838656.000000000000000000000000000000000000000000000,-862899262958585344.000000000000000000000000000000000000000000000,1324528642367817728.000000000000000000000000000000000000000000000,-619507989538549504.000000000000000000000000000000000000000000000,106236324270453392.000000000000000000000000000000000000000000000
8572117599.346436500549316406250000000000000000000000000,-493418689334.738769531250000000000000000000000000000000000,12460366304960.197265625000000000000000000000000000000000000,-184247784486998.718750000000000000000000000000000000000000000,1791424114721304.250000000000000000000000000000000000000000000,-12156884629265530.000000000000000000000000000000000000000000000,59455920191216960.000000000000000000000000000000000000000000000,-212499553461307552.000000000000000000000000000000000000000000000,553651121152601536.000000000000000000000000000000000000000000000,-1026884164668298368.000000000000000000000000000000000000000000000,1271840509330654208.000000000000000000000000000000000000000000000,-876666433616911872.000000000000000000000000000000000000000000000,99677969675843184.000000000000000000000000000000000000000000000,117814685571700288.000000000000000000000000000000000000000000000,401474753639720704.000000000000000000000000000000000000000000000,-418030649680785920.000000000000000000000000000000000000000000000,-568399778091348480.000000000000000000000000000000000000000000000,932327376421937024.000000000000000000000000000000000000000000000,263690573792016480.000000000000000000000000000000000000000000000,-1219399025744594176.000000000000000000000000000000000000000000000,466421502041073408.000000000000000000000000000000000000000000000,735046442230478592.000000000000000000000000000000000000000000000,-899764580545890816.000000000000000000000000000000000000000000000,396678952935327744.000000000000000000000000000000000000000000000,-65897893253791448.000000000000000000000000000000000000000000000
1482792617.082155466079711914062500000000000000000000000,-91994259297.815124511718750000000000000000000000000000000,2497278126781.316894531250000000000000000000000000000000000,-39638589026258.039062500000000000000000000000000000000000000,413734332914653.062500000000000000000000000000000000000000000,-3020182106560205.000000000000000000000000000000000000000000000,15968036230613296.000000000000000000000000000000000000000000000,-62307052837013336.000000000000000000000000000000000000000000000,180603548079914304.000000000000000000000000000000000000000000000,-386994367166425984.000000000000000000000000000000000000000000000,602689492655520128.000000000000000000000000000000000000000000000,-663800002836787968.000000000000000000000000000000000000000000000,513442946559440384.000000000000000000000000000000000000000000000,-335378569055992832.000000000000000000000000000000000000000000000,280325781696816576.000000000000000000000000000000000000000000000,-168252079399417504.000000000000000000000000000000000000000000000,-133771780585817248.000000000000000000000000000000000000000000000,275544320353962912.000000000000000000000000000000000000000000000,316339729531251.562500000000000000000000000000000000000000000,-255805747228133952.000000000000000000000000000000000000000000000,69669402733362784.000000000000000000000000000000000000000000000,249446631418345312.000000000000000000000000000000000000000000000,-282966031238502624.000000000000000000000000000000000000000000000,124958641820243104.000000000000000000000000000000000000000000000,-21045833718707420.000000000000000000000000000000000000000000000
-11431810647.629608154296875000000000000000000000000000000,641043161072.372802734375000000000000000000000000000000000,-15809930172750.289062500000000000000000000000000000000000000,228836280422297.093750000000000000000000000000000000000000000,-2182739996826818.500000000000000000000000000000000000000000000,14563749863422404.000000000000000000000000000000000000000000000,-70197715925981088.000000000000000000000000000000000000000000000,247928016387853792.000000000000000000000000000000000000000000000,-640363965362531584.000000000000000000000000000000000000000000000,1181934801221720320.000000000000000000000000000000000000000000000,-1461685411233902336.000000000000000000000000000000000000000000000,993744949644807552.000000000000000000000000000000000000000000000,-13381788954233662.000000000000000000000000000000000000000000000,-429763038110942016.000000000000000000000000000000000000000000000,-71338779806691728.000000000000000000000000000000000000000000000,437956681287026624.000000000000000000000000000000000000000000000,33830991149871244.000000000000000000000000000000000000000000000,-262395465964876960.000000000000000000000000000000000000000000000,-412970495163416960.000000000000000000000000000000000000000000000,645958473240532864.000000000000000000000000000000000000000000000,369467621083498048.000000000000000000000000000000000000000000000,-1310492587663912448.000000000000000000000000000000000000000000000,1120242479760904704.000000000000000000000000000000000000000000000,-440007637296988928.000000000000000000000000000000000000000000000,68938209753360328.000000000000000000000000000000000000000000000
10673121655.794927597045898437500000000000000000000000000,-583409746266.908935546875000000000000000000000000000000000,14022250778589.712890625000000000000000000000000000000000000,-197689157037079.875000000000000000000000000000000000000000000,1834967597215947.250000000000000000000000000000000000000000000,-11895802748142246.000000000000000000000000000000000000000000000,55561796179595648.000000000000000000000000000000000000000000000,-189224324147690560.000000000000000000000000000000000000000000000,466569166527893248.000000000000000000000000000000000000000000000,-802407253433603584.000000000000000000000000000000000000000000000,854572238874787456.000000000000000000000000000000000000000000000,-279641416684921472.000000000000000000000000000000000000000000000,-656700463403652480.000000000000000000000000000000000000000000000,1069493235742447232.000000000000000000000000000000000000000000000,-568627264946567680.000000000000000000000000000000000000000000000,-121042975703953696.000000000000000000000000000000000000000000000,364878974089097216.000000000000000000000000000000000000000000000,-492446250303846336.000000000000000000000000000000000000000000000,598087951358900224.000000000000000000000000000000000000000000000,-17991026687416758.000000000000000000000000000000000000000000000,-1105523553873871104.000000000000000000000000000000000000000000000,1594624982101477888.000000000000000000000000000000000000000000000,-1083578308408140288.000000000000000000000000000000000000000000000,378742206150639488.000000000000000000000000000000000000000000000,-55102640273973152.000000000000000000000000000000000000000000000
-2362999765.242728233337402343750000000000000000000000000,122485235199.422683715820312500000000000000000000000000000,-2780535108979.966796875000000000000000000000000000000000000,36832737523962.812500000000000000000000000000000000000000000,-318985949995385.812500000000000000000000000000000000000000000,1910190611592039.500000000000000000000000000000000000000000000,-8113986473690333.000000000000000000000000000000000000000000000,24448334781651776.000000000000000000000000000000000000000000000,-50238103900283360.000000000000000000000000000000000000000000000,59567010257091736.000000000000000000000000000000000000000000000,2956595486008954.000000000000000000000000000000000000000000000,-173818799858675264.000000000000000000000000000000000000000000000,403907548279517056.000000000000000000000000000000000000000000000,-574907373647691968.000000000000000000000000000000000000000000000,577133308665381888.000000000000000000000000000000000000000000000,-327079025363278208.000000000000000000000000000000000000000000000,-162633107433003072.000000000000000000000000000000000000000000000,564449878750540352.000000000000000000000000000000000000000000000,-365739516525346624.000000000000000000000000000000000000000000000,-431212940983065024.000000000000000000000000000000000000000000000,1097402825916040192.000000000000000000000000000000000000000000000,-1062071440403644416.000000000000000000000000000000000000000000000,572313774160871808.000000000000000000000000000000000000000000000,-169780709877843008.000000000000000000000000000000000000000000000,21790351530171532.000000000000000000000000000000000000000000000
-3350175886.234618186950683593750000000000000000000000000,189004206496.845275878906250000000000000000000000000000000,-4697829985188.594726562500000000000000000000000000000000000,68635682281002.679687500000000000000000000000000000000000000,-661772596875927.750000000000000000000000000000000000000000000,4469441238906073.500000000000000000000000000000000000000000000,-21834373030810060.000000000000000000000000000000000000000000000,78252520595931680.000000000000000000000000000000000000000000000,-205279741899068416.000000000000000000000000000000000000000000000,384854584971081280.000000000000000000000000000000000000000000000,-482352537215242688.000000000000000000000000000000000000000000000,329259127655976768.000000000000000000000000000000000000000000000,-5474878300637721.000000000000000000000000000000000000000000000,-92800311103851600.000000000000000000000000000000000000000000000,-215222110113159136.000000000000000000000000000000000000000000000,466711111337708864.000000000000000000000000000000000000000000000,-218679316362124992.000000000000000000000000000000000000000000000,-112939747277757568.000000000000000000000000000000000000000000000,-106441442132212704.000000000000000000000000000000000000000000000,613358789864698752.000000000000000000000000000000000000000000000,-710279395820486272.000000000000000000000000000000000000000000000,375038261608004736.000000000000000000000000000000000000000000000,-74783825216279440.000000000000000000000000000000000000000000000,-10315451447230056.000000000000000000000000000000000000000000000,5056942606704320.000000000000000000000000000000000000000000000
3676254431.004117965698242187500000000000000000000000000,-215241489748.394775390625000000000000000000000000000000000,5546732979154.841796875000000000000000000000000000000000000,-83950913078082.968750000000000000000000000000000000000000000,838157723567292.500000000000000000000000000000000000000000000,-5862731344027275.000000000000000000000000000000000000000000000,29704467983182788.000000000000000000000000000000000000000000000,-110818047871634432.000000000000000000000000000000000000000000000,305182682116588736.000000000000000000000000000000000000000000000,-612623622665921664.000000000000000000000000000000000000000000000,866292079040305408.000000000000000000000000000000000000000000000,-803706786306048384.000000000000000000000000000000000000000000000,435098686267572608.000000000000000000000000000000000000000000000,-194851391757542880.000000000000000000000000000000000000000000000,323781217938866688.000000000000000000000000000000000000000000000,-358851507619011008.000000000000000000000000000000000000000000000,-28149829397806816.000000000000000000000000000000000000000000000,176163239338779328.000000000000000000000000000000000000000000000,445528514238901376.000000000000000000000000000000000000000000000,-1043152327466993536.000000000000000000000000000000000000000000000,754351948653500416.000000000000000000000000000000000000000000000,-49502354605036216.000000000000000000000000000000000000000000000,-245174948698867680.000000000000000000000000000000000000000000000,142159798152122688.000000000000000000000000000000000000000000000,-26328631064908888.000000000000000000000000000000000000000000000
-2221085390.027032375335693359375000000000000000000000000,144685903523.022827148437500000000000000000000000000000000,-4065855004877.034179687500000000000000000000000000000000000,66127376590969.484375000000000000000000000000000000000000000,-701841803635720.000000000000000000000000000000000000000000000,5178948046633568.000000000000000000000000000000000000000000000,-27550731348655520.000000000000000000000000000000000000000000000,107776158714071888.000000000000000000000000000000000000000000000,-312431828349424128.000000000000000000000000000000000000000000000,669346095936849920.000000000000000000000000000000000000000000000,-1047781743686704512.000000000000000000000000000000000000000000000,1186206537424375808.000000000000000000000000000000000000000000000,-1010756147625271552.000000000000000000000000000000000000000000000,796827268090801152.000000000000000000000000000000000000000000000,-661223069842973696.000000000000000000000000000000000000000000000,219530720980986688.000000000000000000000000000000000000000000000,521499613699413888.000000000000000000000000000000000000000000000,-583366824896901632.000000000000000000000000000000000000000000000,-450680390425170048.000000000000000000000000000000000000000000000,1320190961299112704.000000000000000000000000000000000000000000000,-942190547078982272.000000000000000000000000000000000000000000000,30495121323412044.000000000000000000000000000000000000000000000,331990573715894208.000000000000000000000000000000000000000000000,-186548086818710464.000000000000000000000000000000000000000000000,34127012488262284.000000000000000000000000000000000000000000000
1140667559.195448875427246093750000000000000000000000000,-81004862090.221130371093750000000000000000000000000000000,2409290413330.439941406250000000000000000000000000000000000,-40762697635004.742187500000000000000000000000000000000000000,445203166851548.937500000000000000000000000000000000000000000,-3357077797508874.000000000000000000000000000000000000000000000,18170475752104316.000000000000000000000000000000000000000000000,-72170671364809120.000000000000000000000000000000000000000000000,212533326125202176.000000000000000000000000000000000000000000000,-464737132985075008.000000000000000000000000000000000000000000000,752274629845748608.000000000000000000000000000000000000000000000,-907473748461561856.000000000000000000000000000000000000000000000,865843982028338304.000000000000000000000000000000000000000000000,-757202753994701824.000000000000000000000000000000000000000000000,590824026742225536.000000000000000000000000000000000000000000000,-112577831801684288.000000000000000000000000000000000000000000000,-544704276282264448.000000000000000000000000000000000000000000000,584123030940946560.000000000000000000000000000000000000000000000,250690320734472608.000000000000000000000000000000000000000000000,-954247896743882368.000000000000000000000000000000000000000000000,710388127122300928.000000000000000000000000000000000000000000000,-51938783333143568.000000000000000000000000000000000000000000000,-221101239884255328.000000000000000000000000000000000000000000000,127755542251920896.000000000000000000000000000000000000000000000,-23498821096764704.000000000000000000000000000000000000000000000
-438323622.325118720531463623046875000000000000000000000,31403041198.075603485107421875000000000000000000000000000,-936866372078.317871093750000000000000000000000000000000000,15851122064701.765625000000000000000000000000000000000000000,-172816795280896.312500000000000000000000000000000000000000000,1299379686216379.250000000000000000000000000000000000000000000,-7008127549576437.000000000000000000000000000000000000000000000,27730672562807304.000000000000000000000000000000000000000000000,-81390554224948576.000000000000000000000000000000000000000000000,177687203237938272.000000000000000000000000000000000000000000000,-288544275980947392.000000000000000000000000000000000000000000000,353285574950111872.000000000000000000000000000000000000000000000,-349330953451899264.000000000000000000000000000000000000000000000,318658051428952320.000000000000000000000000000000000000000000000,-248799032279733696.000000000000000000000000000000000000000000000,38904696757626400.000000000000000000000000000000000000000000000,238860452500746080.000000000000000000000000000000000000000000000,-257293868979351360.000000000000000000000000000000000000000000000,-77466481395300448.000000000000000000000000000000000000000000000,362470319080014720.000000000000000000000000000000000000000000000,-277818722567822816.000000000000000000000000000000000000000000000,28575506700177408.000000000000000000000000000000000000000000000,77954553645253152.000000000000000000000000000000000000000000000,-46130877217990304.000000000000000000000000000000000000000000000,8514355349555162.000000000000000000000000000000000000000000000
78934169.621698141098022460937500000000000000000000000,-5518859716.700290679931640625000000000000000000000000000,161817950963.515258789062500000000000000000000000000000000,-2700628928431.385253906250000000000000000000000000000000000,29103399245038.152343750000000000000000000000000000000000000,-216557907395406.375000000000000000000000000000000000000000000,1156715558100278.500000000000000000000000000000000000000000000,-4534624172407556.000000000000000000000000000000000000000000000,13189263864631032.000000000000000000000000000000000000000000000,-28547061263404700.000000000000000000000000000000000000000000000,46031563590922312.000000000000000000000000000000000000000000000,-56257544065263976.000000000000000000000000000000000000000000000,56240073395455952.000000000000000000000000000000000000000000000,-52499135848532080.000000000000000000000000000000000000000000000,41487050814883184.000000000000000000000000000000000000000000000,-6148003539245266.000000000000000000000000000000000000000000000,-40417214207834760.000000000000000000000000000000000000000000000,43898783691636872.000000000000000000000000000000000000000000000,10445400813561992.000000000000000000000000000000000000000000000,-57023547568442304.000000000000000000000000000000000000000000000,44497678030955712.000000000000000000000000000000000000000000000,-5450246208231509.000000000000000000000000000000000000000000000,-11544779591990644.000000000000000000000000000000000000000000000,6949709784555649.000000000000000000000000000000000000000000000,-1284084395194915.500000000000000000000000000000000000000000000
